model,rq,instance,contrast,left_condition,right_condition,estimate,simultaneous_interval_low,simultaneous_interval_high,primary_delta_0_02_class,missing_score_bound_low,missing_score_bound_high,missing_score_bound_delta_0_02_class,missingness_robustness,delta_0_01_class,delta_0_05_class,complete_common_task_count,condition_means_json,task_difference_sd
Qwen3-14B,RQ1,1,extension_original,C1,A,-0.0673111437428618,-0.12789832456776837,-0.0067239629179552465,inconclusive,-0.06305152979066023,-0.06305152979066023,negative_exceeding_threshold,no_missing_evidence,inconclusive,inconclusive,227,"{""A"": 0.5182015243689253, ""C1"": 0.45089038062606346}",0.30767908689468515
Qwen3-14B,RQ1,1,extension_refactored,D1,B1,-0.0333892734773792,-0.08859174428787978,0.02181319733312137,inconclusive,-0.03875086266390614,-0.03875086266390614,negative_exceeding_threshold,no_missing_evidence,inconclusive,inconclusive,227,"{""B1"": 0.4684287812041116, ""D1"": 0.4350395077267324}",0.28033398455013064
Qwen3-14B,RQ2,1,refactoring_base,B1,A,-0.04977274316481365,-0.11558059736045767,0.016035111030830364,inconclusive,-0.04767425810904072,-0.04767425810904072,negative_exceeding_threshold,no_missing_evidence,inconclusive,inconclusive,227,"{""A"": 0.5182015243689253, ""B1"": 0.4684287812041116}",0.3341911641000265
Qwen3-14B,RQ2,1,refactoring_extended,D1,C1,-0.015850872899331053,-0.0789119194443616,0.04721017364569949,inconclusive,-0.023373590982286634,-0.023373590982286634,negative_exceeding_threshold,no_missing_evidence,inconclusive,inconclusive,227,"{""C1"": 0.45089038062606346, ""D1"": 0.4350395077267324}",0.32024208678186444
Qwen3-14B,RQ3,1,interaction,(D1-C1),(B1-A),0.0339218702654826,-0.04425655767552891,0.11210029820649411,inconclusive,0.02430066712675408,0.02430066712675408,positive_exceeding_threshold,no_missing_evidence,inconclusive,inconclusive,227,"{""A"": 0.5182015243689253, ""B1"": 0.4684287812041116, ""C1"": 0.45089038062606346, ""D1"": 0.4350395077267324}",0.39701248673818723
Qwen3-14B,RQ1,2,extension_original,C2,A,-0.02981260051744633,-0.07884608100602462,0.019220879971131963,inconclusive,-0.029423740510697034,-0.029423740510697034,negative_exceeding_threshold,no_missing_evidence,inconclusive,inconclusive,227,"{""A"": 0.5182015243689253, ""C2"": 0.4883889238514789}",0.24900608179135225
Qwen3-14B,RQ1,2,extension_refactored,D2,B2,0.012662284688716406,-0.035760866782111336,0.06108543615954415,inconclusive,0.00814929836668967,0.00814929836668967,practical_equivalence,no_missing_evidence,inconclusive,inconclusive,227,"{""B2"": 0.4701256322401697, ""D2"": 0.48278791692888606}",0.24590665593376845
Qwen3-14B,RQ2,2,refactoring_base,B2,A,-0.048075892128755564,-0.09639576274665214,0.00024397848914101128,inconclusive,-0.04310098918794571,-0.04310098918794571,negative_exceeding_threshold,no_missing_evidence,inconclusive,inconclusive,227,"{""A"": 0.5182015243689253, ""B2"": 0.4701256322401697}",0.24538216613096014
Qwen3-14B,RQ2,2,refactoring_extended,D2,C2,-0.005601006922592827,-0.061443255716383476,0.05024124187119782,inconclusive,-0.0055279503105590076,-0.0055279503105590076,practical_equivalence,no_missing_evidence,inconclusive,inconclusive,227,"{""C2"": 0.4883889238514789, ""D2"": 0.48278791692888606}",0.28358296070373135
Qwen3-14B,RQ3,2,interaction,(D2-C2),(B2-A),0.04247488520616274,-0.02755766966626482,0.11250744007859029,inconclusive,0.0375730388773867,0.0375730388773867,positive_exceeding_threshold,no_missing_evidence,inconclusive,inconclusive,227,"{""A"": 0.5182015243689253, ""B2"": 0.4701256322401697, ""C2"": 0.4883889238514789, ""D2"": 0.48278791692888606}",0.3556454062175565
qwen-plus-2025-12-01,RQ1,1,extension_original,C1,A,-0.008170174579866211,-0.03819085811968201,0.02185050895994959,inconclusive,-0.009512882447665056,-0.008063607085346217,practical_equivalence,not_robust_do_not_claim_primary_class,inconclusive,practical_equivalence,227,"{""A"": 0.6337552152530127, ""C1"": 0.6255850406731464}",0.15245364405019046
qwen-plus-2025-12-01,RQ1,1,extension_refactored,D1,B1,-0.022305549728457216,-0.0539478556055885,0.009336756148674071,inconclusive,-0.02346388313779618,-0.02201460777547734,negative_exceeding_threshold,not_robust_do_not_claim_primary_class,inconclusive,inconclusive,227,"{""B1"": 0.6374973778057478, ""D1"": 0.6151918280772907}",0.16068870752797731
qwen-plus-2025-12-01,RQ2,1,refactoring_base,B1,A,0.0037421625527352363,-0.027113442287925903,0.03459776739339637,inconclusive,0.0036933517368299943,0.0036933517368299943,practical_equivalence,no_missing_evidence,inconclusive,practical_equivalence,227,"{""A"": 0.6337552152530127, ""B1"": 0.6374973778057478}",0.15669361395761047
qwen-plus-2025-12-01,RQ2,1,refactoring_extended,D1,C1,-0.010393212595855766,-0.043100253477880615,0.022313828286169082,inconclusive,-0.011706924315619968,-0.008808373590982287,practical_equivalence,not_robust_do_not_claim_primary_class,inconclusive,practical_equivalence,227,"{""C1"": 0.6255850406731464, ""D1"": 0.6151918280772907}",0.16609573735887825
qwen-plus-2025-12-01,RQ3,1,interaction,(D1-C1),(B1-A),-0.014135375148591004,-0.0542789746667739,0.02600822436959189,inconclusive,-0.015400276052449964,-0.01250172532781228,practical_equivalence,not_robust_do_not_claim_primary_class,inconclusive,inconclusive,227,"{""A"": 0.6337552152530127, ""B1"": 0.6374973778057478, ""C1"": 0.6255850406731464, ""D1"": 0.6151918280772907}",0.20386071568695546
qwen-plus-2025-12-01,RQ1,2,extension_original,C2,A,-0.006315991888679116,-0.036813517475960206,0.024181533698601973,inconclusive,-0.0062336093857833005,-0.0062336093857833005,practical_equivalence,no_missing_evidence,inconclusive,practical_equivalence,227,"{""A"": 0.6337552152530127, ""C2"": 0.6274392233643334}",0.15487518477480527
qwen-plus-2025-12-01,RQ1,2,extension_refactored,D2,B2,-0.005246719343635643,-0.03345279981214197,0.02295936112487068,inconclusive,-0.005178283873936049,-0.003729008511617208,practical_equivalence,not_robust_do_not_claim_primary_class,inconclusive,practical_equivalence,227,"{""B2"": 0.6526350138684941, ""D2"": 0.6473882945248584}",0.143238569038361
qwen-plus-2025-12-01,RQ2,2,refactoring_base,B2,A,0.018879798615481433,-0.010695534280280188,0.04845513151124305,inconclusive,0.017184265010351966,0.018633540372670808,practical_equivalence,not_robust_do_not_claim_primary_class,inconclusive,practical_equivalence,227,"{""A"": 0.6337552152530127, ""B2"": 0.6526350138684941}",0.15019202570708678
qwen-plus-2025-12-01,RQ2,2,refactoring_extended,D2,C2,0.019949071160524905,-0.008917466824638096,0.0488156091456879,inconclusive,0.01968886588451806,0.01968886588451806,practical_equivalence,no_missing_evidence,inconclusive,practical_equivalence,227,"{""C2"": 0.6274392233643334, ""D2"": 0.6473882945248584}",0.1465925617954249
qwen-plus-2025-12-01,RQ3,2,interaction,(D2-C2),(B2-A),0.0010692725450434746,-0.041574906109037704,0.04371345119912465,inconclusive,0.0010553255118472562,0.0025046008741660968,practical_equivalence,not_robust_do_not_claim_primary_class,inconclusive,practical_equivalence,227,"{""A"": 0.6337552152530127, ""B2"": 0.6526350138684941, ""C2"": 0.6274392233643334, ""D2"": 0.6473882945248584}",0.2165593739636054
