record,copied_path,record_kind,status,sha256
manifests/tool_contract_verification_v2.json,verification_records/tool_contract_verification_v2.json,formal_tool_contract_verification_v2,passed,1f9e90a87c10088fa617553dfeb79e8b78c343e0713144ffe2b57d9c97a2f9cb
manifests/condition_registry.json,verification_records/condition_registry.json,,frozen_for_preexperiment,e09523c72354849b2234093487f55271f10ef4578d650fb5b92c027d28f7390b
manifests/condition_registry_smoke.json,verification_records/condition_registry_smoke.json,condition_registry_docker_smoke_v1,,a8c2fd567e474aa65975ed023f0922e1953d9f4821b18bd02abd4b98b7a9559e
manifests/local_seven_condition_smoke.json,verification_records/local_seven_condition_smoke.json,local_seven_condition_matrix_smoke_v1,,18051da9d99def9414432c0b1fb618d65b5c267f7717d53e5521f5051800b0ef
manifests/service_qwen_plus_seven_condition_smoke.json,verification_records/service_qwen_plus_seven_condition_smoke.json,service_seven_condition_matrix_smoke_audit_v1,,7bdf150684fbf85c3124707a725304ebe3a3bab7f2df8b6151a87779c58562f0
manifests/main_analysis_synthetic_validation.json,verification_records/main_analysis_synthetic_validation.json,main_analysis_synthetic_validation_v1,passed,aacae4405bcefdecee69ed528bcf22a03589001ff649bd7497c32519dba51a6d
manifests/main_experiment_freeze.json,verification_records/main_experiment_freeze.json,,frozen_execution_blocked_pending_validation_gates,e18864b02f7e3e55f0e3a3b0a8135c71e23b62c96e0b3a1d84d57e0cfe1742c7
manifests/main_experiment_activation_v3.json,verification_records/main_experiment_activation_v3.json,saner-main-experiment-activation-v3-cross-model-parallel,ready_for_execution,9b8a943b1e2bd22a82f8c566935dad6cb8be61d0baf027a3dfd63c40f3ac3ee2
manifests/scoring_contract.json,verification_records/scoring_contract.json,,verified_for_preexperiment,ce5bcbc13c83c928de07e1d74d5f75d6f5041c4e9d6a8bb10f864fd4cacbe942
